ID,YEAR,DATE,DIVISION,HOMICIDE_TYPE,NEIGHBORHOOD,MONTH
3922539,2011,2011-01-01T00:00:00Z,D14,Stabbing,Waterfront Communities-The Island (77),Jan
2885827,2011,2011-01-05T00:00:00Z,D41,Shooting,Wexford/Maryvale (119),Jan
3737551,2011,2011-01-06T00:00:00Z,D43,Other,West Hill (136),Jan
4040426,2011,2011-01-12T00:00:00Z,D53,Other,Annex (95),Jan
4033175,2011,2011-01-13T00:00:00Z,D13,Other,Forest Hill North (102),Jan
3832781,2011,2011-01-23T00:00:00Z,D51,Other,Church-Yonge Corridor (75),Jan
3966773,2011,2011-02-01T00:00:00Z,D31,Shooting,Humbermede (22),Feb
3530271,2011,2011-02-05T00:00:00Z,D31,Stabbing,York University Heights (27),Feb
4017505,2011,2011-02-11T00:00:00Z,D12,Shooting,Beechborough-Greenbrook (112),Feb
3948450,2011,2011-02-11T00:00:00Z,D43,Shooting,Woburn (137),Feb
4017400,2011,2011-02-16T00:00:00Z,D12,Shooting,Weston (113),Feb
3996966,2011,2011-02-26T00:00:00Z,D42,Shooting,Malvern (132),Feb
4010034,2011,2011-03-02T00:00:00Z,D11,Shooting,Lambton Baby Point (114),Mar
4029641,2011,2011-03-03T00:00:00Z,D14,Other,Dovercourt-Wallace Emerson-Junction (93),Mar
3973677,2011,2011-03-20T00:00:00Z,D23,Shooting,Kingsview Village-The Westway (6),Mar
3914456,2011,2011-03-21T00:00:00Z,D11,Other,South Parkdale (85),Mar
3981811,2011,2011-03-28T00:00:00Z,D41,Shooting,Kennedy Park (124),Mar
3736070,2011,2011-03-28T00:00:00Z,D55,Shooting,The Beaches (63),Mar
3985830,2011,2011-04-15T00:00:00Z,D31,Other,York University Heights (27),Apr
3942884,2011,2011-04-06T00:00:00Z,D54,Other,Danforth (66),Apr
3832638,2011,2011-04-30T00:00:00Z,D23,Shooting,West Humber-Clairville (1),Apr
3985926,2011,2011-05-26T00:00:00Z,D42,Shooting,Pleasant View (46),May
4047557,2011,2011-05-29T00:00:00Z,D23,Shooting,West Humber-Clairville (1),May
3582659,2011,2011-06-16T00:00:00Z,D31,Shooting,Glenfield-Jane Heights (25),Jun
4071110,2011,2011-07-01T00:00:00Z,D33,Stabbing,Victoria Village (43),Jul
3984179,2011,2011-07-22T00:00:00Z,D43,Stabbing,Scarborough Village (139),Jul
3429437,2011,2011-07-29T00:00:00Z,D22,Shooting,Islington-City Centre West (14),Jul
3794249,2011,2011-07-29T00:00:00Z,D12,Other,Mount Dennis (115),Jul
4119820,2011,2011-07-31T00:00:00Z,D12,Shooting,Mount Dennis (115),Jul
3443263,2011,2011-08-10T00:00:00Z,D31,Stabbing,Downsview-Roding-CFB (26),Aug
4082526,2011,2011-08-20T00:00:00Z,D31,Shooting,Downsview-Roding-CFB (26),Aug
4131492,2011,2011-08-23T00:00:00Z,D32,Shooting,Clanton Park (33),Aug
3721549,2011,2011-08-27T00:00:00Z,D11,Shooting,Lambton Baby Point (114),Aug
4137445,2011,2011-09-11T00:00:00Z,D43,Other,Woburn (137),Sep
3156934,2011,2011-09-17T00:00:00Z,D41,Shooting,Clairlea-Birchmount (120),Sep
4136529,2011,2011-10-02T00:00:00Z,D14,Shooting,Trinity-Bellwoods (81),Oct
3887747,2011,2011-10-09T00:00:00Z,D54,Shooting,Victoria Village (43),Oct
4156058,2011,2011-10-14T00:00:00Z,D54,Shooting,Taylor-Massey (61),Oct
4244358,2011,2011-10-15T00:00:00Z,D31,Shooting,Black Creek (24),Oct
4219112,2011,2011-10-21T00:00:00Z,D22,Shooting,Etobicoke West Mall (13),Oct
4188550,2011,2011-10-28T00:00:00Z,D31,Shooting,Downsview-Roding-CFB (26),Oct
4187348,2011,2011-11-29T00:00:00Z,D55,Shooting,South Riverdale (70),Nov
4253053,2011,2011-12-02T00:00:00Z,D32,Stabbing,Newtonbrook East (50),Dec
3034132,2011,2011-12-03T00:00:00Z,D32,Stabbing,Bedford Park-Nortown (39),Dec
4266197,2011,2011-12-30T00:00:00Z,D43,Shooting,Woburn (137),Dec
4355679,2011,2011-12-31T00:00:00Z,D14,Stabbing,Kensington-Chinatown (78),Dec
4191912,2011,2011-12-26T00:00:00Z,D51,Other,Regent Park (72),Dec
4136582,2011,2011-12-02T00:00:00Z,D12,Other,Weston (113),Dec
39593058,2011,2011-02-19T00:00:00Z,D42,Other,Malvern (132),Feb
4194029,2012,2012-01-01T00:00:00Z,D42,Shooting,Clairlea-Birchmount (120),Jan
3665859,2012,2012-01-01T00:00:00Z,D14,Stabbing,Niagara (82),Jan
30000227,2012,2012-01-01T00:00:00Z,D53,Other,Leaside-Bennington (56),Jan
4205598,2012,2012-01-21T00:00:00Z,D43,Shooting,Clairlea-Birchmount (120),Jan
4042332,2012,2012-01-24T00:00:00Z,D42,Shooting,Malvern (132),Jan
4911563,2013,2013-01-19T00:00:00Z,D14,Other,Dovercourt-Wallace Emerson-Junction (93),Jan
GO-2016851941,2016,2016-05-18T00:00:00Z,D51,Other,Church-Yonge Corridor (75),May
4902220,2013,2013-02-02T00:00:00Z,D33,Other,Don Valley Village (47),Feb
GO-2016656231,2016,2016-04-17T00:00:00Z,D12,Other,Weston (113),Apr
4954079,2013,2013-02-11T00:00:00Z,D31,Shooting,Glenfield-Jane Heights (25),Feb
GO-2016965196,2016,2016-06-03T00:00:00Z,D31,Shooting,Humbermede (22),Jun
4834800,2013,2013-02-10T00:00:00Z,D14,Shooting,Niagara (82),Feb
GO-2016989870,2016,2016-06-07T00:00:00Z,D53,Shooting,Mount Pleasant West (104),Jun
4920035,2013,2013-02-17T00:00:00Z,D23,Shooting,Mount Olive-Silverstone-Jamestown (2),Feb
GO-20161148938,2016,2016-07-01T00:00:00Z,D14,Shooting,Kensington-Chinatown (78),Jul
4896103,2013,2013-03-04T00:00:00Z,D13,Stabbing,Caledonia-Fairbank (109),Mar
GO-20161148938,2016,2016-07-01T00:00:00Z,D14,Shooting,Kensington-Chinatown (78),Jul
4847120,2013,2013-03-06T00:00:00Z,D23,Other,Rexdale-Kipling (4),Mar
GO-20161116247,2016,2016-07-03T00:00:00Z,D11,Other,Little Portugal (84),Jul
4968037,2013,2013-03-13T00:00:00Z,D41,Other,Wexford/Maryvale (119),Mar
GO-20161229465,2016,2016-07-13T00:00:00Z,D31,Shooting,Downsview-Roding-CFB (26),Jul
4779022,2013,2013-03-21T00:00:00Z,D51,Shooting,Moss Park (73),Mar
GO-20161613172,2016,2016-09-11T00:00:00Z,D14,Shooting,South Parkdale (85),Sep
GO-20161263080,2016,2016-07-18T00:00:00Z,D51,Other,Church-Yonge Corridor (75),Jul
4907315,2013,2013-03-28T00:00:00Z,D14,Shooting,Waterfront Communities-The Island (77),Mar
GO-20161329227,2016,2016-07-28T00:00:00Z,D41,Shooting,Bendale (127),Jul
5147700,2013,2013-07-09T00:00:00Z,D51,Other,Moss Park (73),Jul
GO-20161335085,2016,2016-07-29T00:00:00Z,D51,Stabbing,Church-Yonge Corridor (75),Jul
4902638,2013,2013-03-30T00:00:00Z,D32,Shooting,Yorkdale-Glen Park (31),Mar
GO-20161403032,2016,2016-08-09T00:00:00Z,D55,Other,Blake-Jones (69),Aug
4822914,2013,2013-02-06T00:00:00Z,D42,Other,Steeles (116),Feb
GO-20161443064,2016,2016-08-15T00:00:00Z,D51,Other,Moss Park (73),Aug
5020177,2013,2013-07-13T00:00:00Z,D32,Other,Newtonbrook West (36),Jul
GO-2016666749,2016,2016-04-19T00:00:00Z,D51,Other,North Riverdale (68),Apr
4822914,2013,2013-02-06T00:00:00Z,D42,Other,Steeles (116),Feb
GO-20161480338,2016,2016-08-21T00:00:00Z,D14,Shooting,Niagara (82),Aug
4837042,2013,2013-04-06T00:00:00Z,D51,Other,Regent Park (72),Apr
GO-20161506128,2016,2016-08-25T00:00:00Z,D43,Other,Scarborough Village (139),Aug
GO-20161506128,2016,2016-08-25T00:00:00Z,D43,Other,Scarborough Village (139),Aug
GO-20161506128,2016,2016-08-25T00:00:00Z,D43,Other,Scarborough Village (139),Aug
GO-20161520715,2016,2016-08-27T00:00:00Z,D55,Shooting,South Riverdale (70),Aug
GO-20161625137,2016,2016-09-13T00:00:00Z,D31,Stabbing,York University Heights (27),Sep
GO-20161696689,2016,2016-09-23T00:00:00Z,D43,Stabbing,Bendale (127),Sep
GO-20161688118,2016,2016-09-21T00:00:00Z,D11,Other,Weston-Pellam Park (91),Sep
GO-20161743137,2016,2016-09-30T00:00:00Z,D23,Shooting,West Humber-Clairville (1),Sep
GO-20141435425,2014,2014-01-30T00:00:00Z,D51,Other,Church-Yonge Corridor (75),Jan
GO-20161838374,2016,2016-10-16T00:00:00Z,D12,Shooting,Weston (113),Oct
GO-20161855287,2016,2016-10-18T00:00:00Z,D23,Shooting,West Humber-Clairville (1),Oct
GO-20161888229,2016,2016-10-24T00:00:00Z,D23,Shooting,Kingsview Village-The Westway (6),Oct
GO-20161907779,2016,2016-10-27T00:00:00Z,D43,Shooting,Woburn (137),Oct
GO-20161966289,2016,2016-11-05T00:00:00Z,D14,Other,Trinity-Bellwoods (81),Nov
GO-20162051533,2016,2016-11-18T00:00:00Z,D33,Shooting,Victoria Village (43),Nov
GO-20162055725,2016,2016-11-19T00:00:00Z,D31,Shooting,Black Creek (24),Nov
GO-20162106299,2016,2016-11-27T00:00:00Z,D55,Shooting,South Riverdale (70),Nov
GO-20162138470,2016,2016-12-03T00:00:00Z,D32,Other,Clanton Park (33),Dec
GO-20162148586,2016,2016-12-04T00:00:00Z,D31,Stabbing,Glenfield-Jane Heights (25),Dec
GO-20162172757,2016,2016-12-07T00:00:00Z,D54,Shooting,Old East York (58),Dec
GO-20162210973,2016,2016-12-14T00:00:00Z,D43,Shooting,Scarborough Village (139),Dec
GO-20162229166,2016,2016-12-16T00:00:00Z,D14,Stabbing,Little Portugal (84),Dec
GO-20162233489,2016,2016-12-17T00:00:00Z,D12,Shooting,Weston (113),Dec
GO-20162242930,2016,2016-12-18T00:00:00Z,D23,Shooting,Kingsview Village-The Westway (6),Dec
GO-20162276833,2016,2016-12-24T00:00:00Z,D51,Stabbing,Moss Park (73),Dec
GO-201743106,2017,2017-01-08T00:00:00Z,D51,Shooting,Moss Park (73),Jan
GO-2016215657,2016,2016-02-05T00:00:00Z,D42,Other,Malvern (132),Feb
GO-2016215657,2016,2016-02-05T00:00:00Z,D42,Other,Malvern (132),Feb
GO-2016215657,2016,2016-02-05T00:00:00Z,D42,Other,Malvern (132),Feb
GO-2016215657,2016,2016-02-05T00:00:00Z,D42,Other,Malvern (132),Feb
GO-2017137133,2017,2017-01-23T00:00:00Z,D31,Shooting,Humber Summit (21),Jan
GO-2017163412,2017,2017-01-26T00:00:00Z,D22,Other,Mimico (includes Humber Bay Shores) (17),Jan
GO-2017186988,2017,2017-01-30T00:00:00Z,D51,Shooting,Moss Park (73),Jan
GO-2017189239,2017,2017-01-30T00:00:00Z,D51,Shooting,Regent Park (72),Jan
GO-2017202856,2017,2017-02-01T00:00:00Z,D31,Shooting,Glenfield-Jane Heights (25),Feb
GO-2017222142,2017,2017-02-05T00:00:00Z,D54,Shooting,Danforth (66),Feb
GO-2017233559,2017,2017-02-06T00:00:00Z,D23,Shooting,Elms-Old Rexdale (5),Feb
GO-2017233897,2017,2017-02-06T00:00:00Z,D32,Other,Willowdale West (37),Feb
GO-2017291986,2017,2017-02-16T00:00:00Z,D54,Other,O'Connor-Parkview (54),Feb
GO-201594334,2015,2015-01-16T00:00:00Z,D23,Other,West Humber-Clairville (1),Jan
GO-2017352942,2017,2017-02-25T00:00:00Z,D53,Shooting,Thorncliffe Park (55),Feb
GO-2016838159,2016,2016-05-15T00:00:00Z,D23,Shooting,West Humber-Clairville (1),May
GO-2017468897,2017,2017-03-16T00:00:00Z,D42,Shooting,Rouge (131),Mar
GO-2017486409,2017,2017-03-18T00:00:00Z,D54,Shooting,Taylor-Massey (61),Mar
GO-2017564412,2017,2017-03-31T00:00:00Z,D11,Shooting,Humber Heights-Westmount (8),Mar
GO-2017662074,2017,2017-04-14T00:00:00Z,D42,Shooting,L'Amoreaux (117),Apr
GO-2017674351,2017,2017-04-14T00:00:00Z,D55,Shooting,South Riverdale (70),Apr
GO-2017703097,2017,2017-04-21T00:00:00Z,D13,Shooting,Briar Hill-Belgravia (108),Apr
GO-2017402242,2017,2017-03-04T00:00:00Z,D55,Other,North Riverdale (68),Mar
GO-2017904599,2017,2017-05-22T00:00:00Z,D55,Shooting,South Riverdale (70),May
GO-20171007434,2017,2017-06-07T00:00:00Z,D12,Other,Keelesdale-Eglinton West (110),Jun
GO-20171035511,2017,2017-06-11T00:00:00Z,D31,Shooting,Humbermede (22),Jun
GO-20171118832,2017,2017-06-23T00:00:00Z,D11,Stabbing,Dovercourt-Wallace Emerson-Junction (93),Jun
GO-20171184598,2017,2017-07-02T00:00:00Z,D51,Shooting,Regent Park (72),Jul
GO-20171319697,2017,2017-07-23T00:00:00Z,D42,Shooting,Rouge (131),Jul
GO-20171319697,2017,2017-07-23T00:00:00Z,D42,Shooting,Rouge (131),Jul
GO-20171323827,2017,2017-07-23T00:00:00Z,D42,Shooting,Malvern (132),Jul
GO-20171371751,2017,2017-07-30T00:00:00Z,D32,Shooting,Yorkdale-Glen Park (31),Jul
GO-20171378728,2017,2017-07-31T00:00:00Z,D51,Shooting,Moss Park (73),Jul
GO-20171379055,2017,2017-08-01T00:00:00Z,D13,Shooting,Humewood-Cedarvale (106),Aug
GO-20171377317,2017,2017-07-31T00:00:00Z,D54,Stabbing,Broadview North (57),Jul
GO-20171499040,2017,2017-08-17T00:00:00Z,D31,Stabbing,Glenfield-Jane Heights (25),Aug
GO-2017904599,2017,2017-05-22T00:00:00Z,D55,Other,South Riverdale (70),May
GO-20171503946,2017,2017-08-20T00:00:00Z,D14,Shooting,Kensington-Chinatown (78),Aug
GO-20171516247,2017,2017-08-22T00:00:00Z,D31,Stabbing,Glenfield-Jane Heights (25),Aug
GO-20171578601,2017,2017-08-31T00:00:00Z,D31,Shooting,Downsview-Roding-CFB (26),Aug
GO-20171592166,2017,2017-09-02T00:00:00Z,D23,Shooting,Elms-Old Rexdale (5),Sep
GO-20171593482,2017,2017-09-06T00:00:00Z,D43,Stabbing,Eglinton East (138),Sep
GO-20171661261,2017,2017-09-13T00:00:00Z,D33,Stabbing,Henry Farm (53),Sep
GO-20171663919,2017,2017-09-14T00:00:00Z,D41,Shooting,Dorset Park (126),Sep
GO-20171677843,2017,2017-09-16T00:00:00Z,D51,Shooting,Regent Park (72),Sep
GO-20171682920,2017,2017-09-16T00:00:00Z,D52,Shooting,Waterfront Communities-The Island (77),Sep
GO-20171640198,2017,2017-09-10T00:00:00Z,D41,Stabbing,Birchcliffe-Cliffside (122),Sep
GO-20171770154,2017,2017-09-29T00:00:00Z,D31,Shooting,Downsview-Roding-CFB (26),Sep
GO-20171778161,2017,2017-10-01T00:00:00Z,D51,Shooting,South Riverdale (70),Oct
GO-20171778161,2017,2017-10-01T00:00:00Z,D51,Shooting,South Riverdale (70),Oct
GO-20171807017,2017,2017-10-05T00:00:00Z,D23,Shooting,Kingsview Village-The Westway (6),Oct
GO-20171798506,2017,2017-10-04T00:00:00Z,D23,Other,Rexdale-Kipling (4),Oct
GO-20171821632,2017,2017-10-07T00:00:00Z,D54,Stabbing,Woodbine-Lumsden (60),Oct
GO-20171828016,2017,2017-10-08T00:00:00Z,D23,Shooting,Kingsview Village-The Westway (6),Oct
GO-20171864268,2017,2017-10-14T00:00:00Z,D31,Shooting,Humber Summit (21),Oct
GO-20171897265,2017,2017-10-20T00:00:00Z,D53,Stabbing,Thorncliffe Park (55),Oct
GO-20171856631,2017,2017-10-13T00:00:00Z,D14,Other,Dovercourt-Wallace Emerson-Junction (93),Oct
GO-20171954551,2017,2017-10-28T00:00:00Z,D54,Stabbing,O'Connor-Parkview (54),Oct
4799559,2013,2013-07-14T00:00:00Z,D14,Other,Niagara (82),Jul
4948721,2013,2013-04-25T00:00:00Z,D42,Shooting,Malvern (132),Apr
5172838,2013,2013-07-15T00:00:00Z,D22,Stabbing,Eringate-Centennial-West Deane (11),Jul
4924967,2013,2013-04-25T00:00:00Z,D32,Stabbing,Lansing-Westgate (38),Apr
4913839,2013,2013-04-29T00:00:00Z,D31,Other,Glenfield-Jane Heights (25),Apr
4929615,2013,2013-04-30T00:00:00Z,D41,Stabbing,Birchcliffe-Cliffside (122),Apr
5172838,2013,2013-07-15T00:00:00Z,D22,Stabbing,Eringate-Centennial-West Deane (11),Jul
5172838,2013,2013-07-15T00:00:00Z,D22,Stabbing,Eringate-Centennial-West Deane (11),Jul
4832188,2013,2013-05-19T00:00:00Z,D14,Shooting,Trinity-Bellwoods (81),May
4823588,2013,2013-05-16T00:00:00Z,D54,Other,O'Connor-Parkview (54),May
5001151,2013,2013-05-29T00:00:00Z,D42,Shooting,Rouge (131),May
5067942,2013,2013-06-03T00:00:00Z,D42,Other,Agincourt North (129),Jun
5162653,2013,2013-08-05T00:00:00Z,D11,Shooting,High Park-Swansea (87),Aug
5096311,2013,2013-06-27T00:00:00Z,D54,Stabbing,Broadview North (57),Jun
5143553,2013,2013-08-12T00:00:00Z,D23,Shooting,Elms-Old Rexdale (5),Aug
5159817,2013,2013-07-28T00:00:00Z,D31,Shooting,Glenfield-Jane Heights (25),Jul
5192957,2013,2013-08-23T00:00:00Z,D31,Shooting,Glenfield-Jane Heights (25),Aug
GO-20141326860,2014,2014-01-14T00:00:00Z,D41,Other,Wexford/Maryvale (119),Jan
5192957,2013,2013-08-23T00:00:00Z,D31,Shooting,Glenfield-Jane Heights (25),Aug
GO-20141428622,2014,2014-01-29T00:00:00Z,D23,Shooting,Humber Heights-Westmount (8),Jan
GO-20141431240,2014,2014-01-29T00:00:00Z,D43,Other,Woburn (137),Jan
GO-20141381673,2014,2014-02-02T00:00:00Z,D54,Stabbing,O'Connor-Parkview (54),Feb
GO-20141462653,2014,2014-02-03T00:00:00Z,D41,Other,Wexford/Maryvale (119),Feb
GO-20141470629,2014,2014-02-04T00:00:00Z,D32,Shooting,Lawrence Park North (105),Feb
GO-20141500533,2014,2014-02-09T00:00:00Z,D22,Shooting,Alderwood (20),Feb
GO-20141518863,2014,2014-02-12T00:00:00Z,D23,Stabbing,Mount Olive-Silverstone-Jamestown (2),Feb
GO-20141663866,2014,2014-03-08T00:00:00Z,D54,Shooting,Flemingdon Park (44),Mar
GO-20141667340,2014,2014-03-09T00:00:00Z,D22,Stabbing,Islington-City Centre West (14),Mar
5143282,2013,2013-09-03T00:00:00Z,D12,Shooting,Weston (113),Sep
5114771,2013,2013-09-12T00:00:00Z,D33,Stabbing,Hillcrest Village (48),Sep
5245469,2013,2013-09-14T00:00:00Z,D54,Stabbing,Greenwood-Coxwell (65),Sep
5269597,2013,2013-09-17T00:00:00Z,D23,Shooting,Willowridge-Martingrove-Richview (7),Sep
GO-20141668180,2014,2014-03-12T00:00:00Z,D55,Other,Greenwood-Coxwell (65),Mar
GO-20141703051,2014,2014-03-15T00:00:00Z,D43,Stabbing,Woburn (137),Mar
5126688,2013,2013-09-20T00:00:00Z,D12,Stabbing,Keelesdale-Eglinton West (110),Sep
GO-20141703847,2014,2014-03-15T00:00:00Z,D55,Stabbing,South Riverdale (70),Mar
GO-20141731923,2014,2014-03-19T00:00:00Z,D55,Shooting,East End-Danforth (62),Mar
GO-20141731923,2014,2014-03-19T00:00:00Z,D55,Shooting,East End-Danforth (62),Mar
GO-20141766614,2014,2014-03-25T00:00:00Z,D11,Shooting,Weston-Pellam Park (91),Mar
GO-20141824235,2014,2014-04-04T00:00:00Z,D51,Shooting,Cabbagetown-South St.James Town (71),Apr
GO-20141880069,2014,2014-04-12T00:00:00Z,D42,Shooting,Rouge (131),Apr
5128923,2013,2013-10-13T00:00:00Z,D12,Stabbing,Weston (113),Oct
GO-20142003751,2014,2014-05-02T00:00:00Z,D13,Shooting,Briar Hill-Belgravia (108),May
GO-20142145283,2014,2014-05-24T00:00:00Z,D55,Shooting,Greenwood-Coxwell (65),May
GO-20142242196,2014,2014-06-10T00:00:00Z,D42,Other,Milliken (130),Jun
GO-20142439822,2014,2014-07-06T00:00:00Z,D51,Shooting,Moss Park (73),Jul
GO-20142452482,2014,2014-07-08T00:00:00Z,D32,Shooting,Yorkdale-Glen Park (31),Jul
GO-20142499434,2014,2014-07-15T00:00:00Z,D33,Other,Pleasant View (46),Jul
GO-20142665166,2014,2014-08-09T00:00:00Z,D22,Stabbing,Etobicoke West Mall (13),Aug
GO-20142728301,2014,2014-08-18T00:00:00Z,D12,Shooting,Rockcliffe-Smythe (111),Aug
GO-20142777149,2014,2014-08-26T00:00:00Z,D14,Shooting,Waterfront Communities-The Island (77),Aug
GO-20142804113,2014,2014-08-30T00:00:00Z,D14,Other,Palmerston-Little Italy (80),Aug
GO-20141272537,2014,2014-01-03T00:00:00Z,D51,Other,Cabbagetown-South St.James Town (71),Jan
GO-20142849540,2014,2014-09-05T00:00:00Z,D51,Other,Cabbagetown-South St.James Town (71),Sep
GO-20142870125,2014,2014-09-08T00:00:00Z,D54,Stabbing,East End-Danforth (62),Sep
GO-20142870490,2014,2014-09-08T00:00:00Z,D12,Shooting,Weston (113),Sep
GO-20142886898,2014,2014-09-11T00:00:00Z,D32,Shooting,St.Andrew-Windfields (40),Sep
GO-20142891423,2014,2014-09-11T00:00:00Z,D22,Other,Islington-City Centre West (14),Sep
GO-20142905498,2014,2014-09-14T00:00:00Z,D43,Shooting,Woburn (137),Sep
GO-20142910832,2014,2014-09-14T00:00:00Z,D33,Other,Don Valley Village (47),Sep
GO-20142929457,2014,2014-09-17T00:00:00Z,D31,Shooting,York University Heights (27),Sep
GO-20142966747,2014,2014-09-23T00:00:00Z,D23,Stabbing,Mount Olive-Silverstone-Jamestown (2),Sep
GO-20142992607,2014,2014-09-27T00:00:00Z,D54,Stabbing,Greenwood-Coxwell (65),Sep
GO-20143005270,2014,2014-09-29T00:00:00Z,D43,Shooting,Scarborough Village (139),Sep
GO-20143017592,2014,2014-09-30T00:00:00Z,D13,Stabbing,Oakwood Village (107),Sep
GO-20143045566,2014,2014-10-05T00:00:00Z,D12,Shooting,Junction Area (90),Oct
GO-20143053009,2014,2014-10-06T00:00:00Z,D23,Shooting,Kingsview Village-The Westway (6),Oct
GO-20143053009,2014,2014-10-06T00:00:00Z,D23,Shooting,Kingsview Village-The Westway (6),Oct
GO-20143053896,2014,2014-10-06T00:00:00Z,D51,Shooting,Regent Park (72),Oct
GO-20143094406,2014,2014-10-13T00:00:00Z,D33,Other,Don Valley Village (47),Oct
GO-20143107536,2014,2014-10-15T00:00:00Z,D11,Other,Dovercourt-Wallace Emerson-Junction (93),Oct
GO-20143208371,2014,2014-10-30T00:00:00Z,D31,Shooting,Downsview-Roding-CFB (26),Oct
GO-20143252379,2014,2014-11-06T00:00:00Z,D12,Shooting,Keelesdale-Eglinton West (110),Nov
5260102,2013,2013-09-23T00:00:00Z,D51,Shooting,Moss Park (73),Sep
4934653,2013,2013-05-24T00:00:00Z,D12,Other,Rockcliffe-Smythe (111),May
5237175,2013,2013-10-06T00:00:00Z,D52,Stabbing,Bay Street Corridor (76),Oct
5229819,2013,2013-10-20T00:00:00Z,D52,Other,Kensington-Chinatown (78),Oct
GO-20135070453,2013,2013-11-01T00:00:00Z,D51,Other,Regent Park (72),Nov
GO-2013939200,2013,2013-11-09T00:00:00Z,D13,Other,Wychwood (94),Nov
GO-2013943773,2013,2013-11-10T00:00:00Z,D55,Shooting,The Beaches (63),Nov
GO-20131036741,2013,2013-11-25T00:00:00Z,D32,Stabbing,Lawrence Park North (105),Nov
GO-20131225193,2013,2013-12-26T00:00:00Z,D12,Other,Pelmo Park-Humberlea (23),Dec
GO-20131231259,2013,2013-12-27T00:00:00Z,D42,Other,Milliken (130),Dec
4832295,2013,2013-07-04T00:00:00Z,D32,Other,Clanton Park (33),Jul
4212793,2012,2012-01-27T00:00:00Z,D11,Shooting,Dufferin Grove (83),Jan
4085703,2012,2012-02-20T00:00:00Z,D32,Shooting,Lansing-Westgate (38),Feb
4085703,2012,2012-02-20T00:00:00Z,D32,Shooting,Lansing-Westgate (38),Feb
4370907,2012,2012-02-29T00:00:00Z,D42,Other,L'Amoreaux (117),Feb
4334336,2012,2012-03-11T00:00:00Z,D32,Other,Willowdale East (51),Mar
4445252,2012,2012-03-23T00:00:00Z,D22,Stabbing,Kingsway South (15),Mar
3755673,2012,2012-04-12T00:00:00Z,D12,Shooting,Rockcliffe-Smythe (111),Apr
4428014,2012,2012-04-15T00:00:00Z,D41,Stabbing,Victoria Village (43),Apr
4376058,2012,2012-04-16T00:00:00Z,D11,Other,High Park North (88),Apr
4449577,2012,2012-05-04T00:00:00Z,D32,Shooting,Englemount-Lawrence (32),May
4346812,2012,2012-05-09T00:00:00Z,D53,Shooting,Yonge-Eglinton (100),May
4449281,2012,2012-05-07T00:00:00Z,D41,Other,Oakridge (121),May
4445741,2012,2012-05-10T00:00:00Z,D11,Shooting,Lambton Baby Point (114),May
3363455,2012,2012-05-14T00:00:00Z,D51,Other,Moss Park (73),May
4438492,2012,2012-05-31T00:00:00Z,D43,Shooting,Centennial Scarborough (133),May
4533105,2012,2012-06-02T00:00:00Z,D52,Shooting,Bay Street Corridor (76),Jun
4533105,2012,2012-06-02T00:00:00Z,D52,Shooting,Bay Street Corridor (76),Jun
4386217,2012,2012-06-18T00:00:00Z,D14,Shooting,Trinity-Bellwoods (81),Jun
4503011,2012,2012-06-22T00:00:00Z,D41,Shooting,Dorset Park (126),Jun
4556249,2012,2012-06-23T00:00:00Z,D32,Shooting,Willowdale East (51),Jun
4578181,2012,2012-07-05T00:00:00Z,D22,Shooting,Islington-City Centre West (14),Jul
4544154,2012,2012-07-16T00:00:00Z,D43,Shooting,West Hill (136),Jul
4544154,2012,2012-07-16T00:00:00Z,D43,Shooting,West Hill (136),Jul
4466647,2012,2012-07-17T00:00:00Z,D12,Shooting,Rockcliffe-Smythe (111),Jul
4427513,2012,2012-07-19T00:00:00Z,D32,Shooting,Englemount-Lawrence (32),Jul
4528375,2012,2012-07-22T00:00:00Z,D42,Other,Bendale (127),Jul
4622186,2012,2012-08-01T00:00:00Z,D31,Shooting,Black Creek (24),Aug
4531897,2012,2012-08-07T00:00:00Z,D42,Other,Malvern (132),Aug
4613436,2012,2012-08-24T00:00:00Z,D55,Other,Clairlea-Birchmount (120),Aug
4528016,2012,2012-09-08T00:00:00Z,D42,Shooting,Malvern (132),Sep
4563307,2012,2012-09-08T00:00:00Z,D55,Shooting,The Beaches (63),Sep
4453311,2012,2012-09-16T00:00:00Z,D23,Shooting,Glenfield-Jane Heights (25),Sep
4520488,2012,2012-09-15T00:00:00Z,D13,Other,Briar Hill-Belgravia (108),Sep
4589405,2012,2012-09-18T00:00:00Z,D23,Shooting,Mount Olive-Silverstone-Jamestown (2),Sep
4589405,2012,2012-09-18T00:00:00Z,D23,Shooting,Mount Olive-Silverstone-Jamestown (2),Sep
4663461,2012,2012-10-11T00:00:00Z,D31,Shooting,Black Creek (24),Oct
4615172,2012,2012-10-17T00:00:00Z,D43,Other,Woburn (137),Oct
4477212,2012,2012-10-23T00:00:00Z,D51,Stabbing,Cabbagetown-South St.James Town (71),Oct
4703830,2012,2012-10-28T00:00:00Z,D43,Shooting,Morningside (135),Oct
4697103,2012,2012-10-29T00:00:00Z,D32,Shooting,Yorkdale-Glen Park (31),Oct
4613667,2012,2012-10-29T00:00:00Z,D14,Stabbing,South Parkdale (85),Oct
4754900,2012,2012-10-30T00:00:00Z,D12,Shooting,Mount Dennis (115),Oct
4695122,2012,2012-11-11T00:00:00Z,D14,Shooting,Kensington-Chinatown (78),Nov
4664511,2012,2012-11-12T00:00:00Z,D23,Other,Mount Olive-Silverstone-Jamestown (2),Nov
4559977,2012,2012-11-14T00:00:00Z,D55,Other,Woodbine Corridor (64),Nov
4545660,2012,2012-11-17T00:00:00Z,D54,Stabbing,Banbury-Don Mills (42),Nov
4672379,2012,2012-12-02T00:00:00Z,D31,Shooting,Downsview-Roding-CFB (26),Dec
4471737,2012,2012-07-02T00:00:00Z,D53,Other,Playter Estates-Danforth (67),Jul
4844185,2012,2012-12-20T00:00:00Z,D51,Stabbing,Cabbagetown-South St.James Town (71),Dec
1799882,2012,2012-07-03T00:00:00Z,D22,Other,Markland Wood (12),Jul
1799887,2012,2012-11-29T00:00:00Z,D22,Shooting,Markland Wood (12),Nov
4821260,2013,2013-01-01T00:00:00Z,D31,Stabbing,York University Heights (27),Jan
4842775,2013,2013-01-18T00:00:00Z,D51,Shooting,Regent Park (72),Jan
4724330,2013,2013-01-19T00:00:00Z,D23,Other,Willowridge-Martingrove-Richview (7),Jan
GO-20172060242,2017,2017-11-14T00:00:00Z,D12,Stabbing,Weston (113),Nov
4140412,2011,2011-10-17T00:00:00Z,D41,Other,Clairlea-Birchmount (120),Oct
GO-20173043943,2017,2017-11-21T00:00:00Z,D42,Shooting,Rouge (131),Nov
3405116,2011,2011-10-07T00:00:00Z,D14,Other,Little Portugal (84),Oct
GO-20173121720,2017,2017-12-04T00:00:00Z,D43,Shooting,Scarborough Village (139),Dec
4913786,2013,2013-02-24T00:00:00Z,D31,Shooting,Humber Summit (21),Feb
GO-20173095559,2017,2017-11-29T00:00:00Z,D51,Other,Church-Yonge Corridor (75),Nov
5000885,2013,2013-06-16T00:00:00Z,D32,Shooting,Willowdale East (51),Jun
GO-20173140530,2017,2017-12-06T00:00:00Z,D43,Other,Centennial Scarborough (133),Dec
GO-20131032372,2013,2013-11-24T00:00:00Z,D23,Shooting,Mount Olive-Silverstone-Jamestown (2),Nov
GO-20172057548,2017,2017-11-13T00:00:00Z,D51,Shooting,Moss Park (73),Nov
GO-20173181653,2017,2017-12-12T00:00:00Z,D42,Other,Malvern (132),Dec
GO-20143392120,2014,2014-11-29T00:00:00Z,D53,Stabbing,Thorncliffe Park (55),Nov
GO-20173205177,2017,2017-12-16T00:00:00Z,D51,Shooting,Waterfront Communities-The Island (77),Dec
GO-20143392120,2014,2014-11-29T00:00:00Z,D53,Stabbing,Thorncliffe Park (55),Nov
GO-201817532,2018,2018-01-03T00:00:00Z,D23,Other,Willowridge-Martingrove-Richview (7),Jan
GO-20143392120,2014,2014-11-29T00:00:00Z,D53,Stabbing,Thorncliffe Park (55),Nov
GO-201854152,2018,2018-01-09T00:00:00Z,D23,Shooting,Humber Heights-Westmount (8),Jan
GO-20143310199,2014,2014-11-16T00:00:00Z,D52,Shooting,Bay Street Corridor (76),Nov
GO-20143420091,2014,2014-12-01T00:00:00Z,D51,Stabbing,Cabbagetown-South St.James Town (71),Dec
GO-2018113424,2018,2018-01-19T00:00:00Z,D22,Shooting,Eringate-Centennial-West Deane (11),Jan
GO-20143423102,2014,2014-12-04T00:00:00Z,D41,Stabbing,Bendale (127),Dec
GO-2018113424,2018,2018-01-19T00:00:00Z,D22,Shooting,Eringate-Centennial-West Deane (11),Jan
GO-20143455828,2014,2014-12-09T00:00:00Z,D11,Stabbing,High Park North (88),Dec
GO-2018183793,2018,2018-01-29T00:00:00Z,D51,Stabbing,Bay Street Corridor (76),Jan
GO-20143536404,2014,2014-12-15T00:00:00Z,D14,Other,Little Portugal (84),Dec
GO-2018104863,2017,2017-12-31T00:00:00Z,D53,Other,Thorncliffe Park (55),Dec
GO-201555992,2015,2015-01-10T00:00:00Z,D51,Stabbing,Church-Yonge Corridor (75),Jan
GO-2018104863,2017,2017-12-31T00:00:00Z,D52,Other,Thorncliffe Park (55),Dec
GO-2018104863,2016,2016-04-22T00:00:00Z,D53,Other,Thorncliffe Park (55),Apr
GO-201599853,2015,2015-01-17T00:00:00Z,D32,Stabbing,Newtonbrook East (50),Jan
GO-20173201016,2017,2017-12-15T00:00:00Z,D33,Other,St.Andrew-Windfields (40),Dec
GO-20173201016,2017,2017-12-15T00:00:00Z,D33,Other,St.Andrew-Windfields (40),Dec
GO-2015159448,2015,2015-01-27T00:00:00Z,D32,Shooting,Yorkdale-Glen Park (31),Jan
GO-2018249547,2018,2018-02-08T00:00:00Z,D33,Shooting,Bayview Village (52),Feb
GO-2015179790,2015,2015-01-31T00:00:00Z,D14,Shooting,Kensington-Chinatown (78),Jan
GO-2018289167,2018,2018-02-15T00:00:00Z,D43,Shooting,Highland Creek (134),Feb
GO-2015205271,2015,2015-02-04T00:00:00Z,D41,Other,Clairlea-Birchmount (120),Feb
GO-2018366454,2018,2018-02-26T00:00:00Z,D13,Other,Wychwood (94),Feb
GO-2015346652,2015,2015-02-28T00:00:00Z,D55,Shooting,Woodbine Corridor (64),Feb
GO-2018393677,2018,2018-03-02T00:00:00Z,D31,Shooting,Black Creek (24),Mar
GO-2015346652,2015,2015-02-28T00:00:00Z,D55,Shooting,Woodbine Corridor (64),Feb
GO-2018413955,2018,2018-03-06T00:00:00Z,D33,Stabbing,Parkwoods-Donalda (45),Mar
GO-2015453427,2015,2015-03-17T00:00:00Z,D23,Shooting,Kingsview Village-The Westway (6),Mar
GO-2018444497,2018,2018-03-10T00:00:00Z,D23,Shooting,Mount Olive-Silverstone-Jamestown (2),Mar
GO-2015473322,2015,2015-03-21T00:00:00Z,D23,Stabbing,Willowridge-Martingrove-Richview (7),Mar
GO-2018484039,2018,2018-03-16T00:00:00Z,D23,Shooting,Humber Heights-Westmount (8),Mar
GO-2015457868,2015,2015-03-18T00:00:00Z,D22,Other,Mimico (includes Humber Bay Shores) (17),Mar
GO-2018489653,2018,2018-03-17T00:00:00Z,D32,Shooting,Yorkdale-Glen Park (31),Mar
GO-2015531511,2015,2015-03-30T00:00:00Z,D23,Shooting,Mount Olive-Silverstone-Jamestown (2),Mar
GO-2018489653,2018,2018-03-17T00:00:00Z,D32,Shooting,Yorkdale-Glen Park (31),Mar
GO-2015618195,2015,2015-04-14T00:00:00Z,D13,Other,Corso Italia-Davenport (92),Apr
GO-2018619032,2018,2018-04-06T00:00:00Z,D41,Shooting,Parkwoods-Donalda (45),Apr
GO-2015669864,2015,2015-04-23T00:00:00Z,D41,Stabbing,Birchcliffe-Cliffside (122),Apr
GO-2018639035,2018,2018-04-10T00:00:00Z,D54,Stabbing,Old East York (58),Apr
GO-2015586781,2015,2015-04-09T00:00:00Z,D54,Other,Taylor-Massey (61),Apr
GO-2018711594,2018,2018-04-21T00:00:00Z,D41,Stabbing,Kennedy Park (124),Apr
GO-2015767516,2015,2015-05-08T00:00:00Z,D43,Stabbing,West Hill (136),May
GO-2018725711,2018,2018-04-23T00:00:00Z,D32,Other,Lansing-Westgate (38),Apr
GO-2015831181,2015,2015-05-19T00:00:00Z,D54,Shooting,Greenwood-Coxwell (65),May
GO-2015819674,2015,2015-05-17T00:00:00Z,D11,Other,Dovercourt-Wallace Emerson-Junction (93),May
GO-2015843494,2015,2015-05-20T00:00:00Z,D11,Shooting,Dovercourt-Wallace Emerson-Junction (93),May
GO-2015870230,2015,2015-05-25T00:00:00Z,D43,Stabbing,Woburn (137),May
GO-2015916307,2015,2015-06-01T00:00:00Z,D43,Shooting,Woburn (137),Jun
GO-2015922149,2015,2015-05-30T00:00:00Z,D54,Stabbing,Woodbine-Lumsden (60),May
GO-2015926649,2015,2015-06-03T00:00:00Z,D51,Stabbing,Church-Yonge Corridor (75),Jun
GO-2015988808,2015,2015-06-12T00:00:00Z,D12,Other,Rockcliffe-Smythe (111),Jun
GO-20151086599,2015,2015-06-28T00:00:00Z,D14,Shooting,Little Portugal (84),Jun
GO-20151086599,2015,2015-06-28T00:00:00Z,D14,Shooting,Little Portugal (84),Jun
GO-20151182401,2015,2015-07-12T00:00:00Z,D43,Stabbing,Cliffcrest (123),Jul
GO-20151178239,2015,2015-07-10T00:00:00Z,D13,Other,Dovercourt-Wallace Emerson-Junction (93),Jul
GO-20151325557,2015,2015-08-03T00:00:00Z,D51,Stabbing,North St.James Town (74),Aug
GO-20151330701,2015,2015-08-04T00:00:00Z,D14,Shooting,Niagara (82),Aug
GO-20151330701,2015,2015-08-04T00:00:00Z,D14,Shooting,Niagara (82),Aug
GO-20151352151,2015,2015-08-07T00:00:00Z,D12,Stabbing,Weston-Pellam Park (91),Aug
GO-20151362027,2015,2015-08-09T00:00:00Z,D52,Shooting,Bay Street Corridor (76),Aug
GO-20151423810,2015,2015-08-19T00:00:00Z,D51,Shooting,Moss Park (73),Aug
GO-20151428790,2015,2015-08-19T00:00:00Z,D12,Shooting,Rustic (28),Aug
GO-20151158745,2015,2015-07-09T00:00:00Z,D23,Shooting,Mount Olive-Silverstone-Jamestown (2),Jul
GO-20151536584,2015,2015-09-06T00:00:00Z,D12,Stabbing,Rockcliffe-Smythe (111),Sep
GO-20151577444,2015,2015-09-12T00:00:00Z,D43,Stabbing,West Hill (136),Sep
GO-20151641806,2015,2015-09-22T00:00:00Z,D43,Stabbing,Morningside (135),Sep
GO-20151692243,2015,2015-10-01T00:00:00Z,D43,Shooting,Highland Creek (134),Oct
GO-20151791234,2015,2015-10-17T00:00:00Z,D23,Shooting,West Humber-Clairville (1),Oct
GO-20151869657,2015,2015-10-31T00:00:00Z,D51,Shooting,Bay Street Corridor (76),Oct
GO-20151899333,2015,2015-11-04T00:00:00Z,D53,Shooting,Thorncliffe Park (55),Nov
GO-20151783770,2015,2015-11-10T00:00:00Z,D55,Other,Woodbine Corridor (64),Nov
GO-20151939320,2015,2015-11-10T00:00:00Z,D41,Other,Clairlea-Birchmount (120),Nov
GO-20151947851,2015,2015-11-13T00:00:00Z,D51,Stabbing,Cabbagetown-South St.James Town (71),Nov
GO-20151950148,2015,2015-11-13T00:00:00Z,D42,Stabbing,Tam O'Shanter-Sullivan (118),Nov
GO-20151975144,2015,2015-11-17T00:00:00Z,D23,Shooting,West Humber-Clairville (1),Nov
GO-20152050482,2015,2015-11-30T00:00:00Z,D23,Shooting,Mount Olive-Silverstone-Jamestown (2),Nov
GO-20152123843,2015,2015-12-11T00:00:00Z,D52,Shooting,Waterfront Communities-The Island (77),Dec
GO-20152125474,2015,2015-12-11T00:00:00Z,D33,Shooting,Henry Farm (53),Dec
GO-20152151120,2015,2015-12-15T00:00:00Z,D51,Stabbing,Bay Street Corridor (76),Dec
GO-20152149617,2015,2015-12-15T00:00:00Z,D31,Shooting,Humber Summit (21),Dec
GO-20152123328,2015,2015-12-11T00:00:00Z,D52,Stabbing,Bay Street Corridor (76),Dec
GO-20152071129,2015,2015-11-28T00:00:00Z,D41,Other,Oakridge (121),Nov
GO-20152180756,2015,2015-12-20T00:00:00Z,D13,Other,Humewood-Cedarvale (106),Dec
GO-20152229877,2015,2015-12-30T00:00:00Z,D53,Other,Yonge-Eglinton (100),Dec
GO-201620700,2016,2016-01-04T00:00:00Z,D54,Shooting,Taylor-Massey (61),Jan
GO-201698593,2016,2016-01-17T00:00:00Z,D32,Other,Newtonbrook East (50),Jan
GO-2016119350,2016,2016-01-20T00:00:00Z,D22,Shooting,Princess-Rosethorn (10),Jan
GO-2016120610,2016,2016-01-20T00:00:00Z,D42,Shooting,L'Amoreaux (117),Jan
GO-2016108786,2016,2016-01-19T00:00:00Z,D22,Shooting,New Toronto (18),Jan
GO-2016139786,2016,2016-01-24T00:00:00Z,D43,Shooting,Bendale (127),Jan
GO-2016173014,2016,2016-01-29T00:00:00Z,D13,Shooting,Yorkdale-Glen Park (31),Jan
GO-2016181573,2016,2016-01-31T00:00:00Z,D14,Shooting,Kensington-Chinatown (78),Jan
GO-2016175803,2016,2016-01-30T00:00:00Z,D23,Other,Mount Olive-Silverstone-Jamestown (2),Jan
GO-2016181573,2016,2016-01-31T00:00:00Z,D14,Shooting,Kensington-Chinatown (78),Jan
GO-2016204501,2016,2016-02-03T00:00:00Z,D22,Stabbing,Etobicoke West Mall (13),Feb
GO-2016225259,2016,2016-02-07T00:00:00Z,D54,Other,O'Connor-Parkview (54),Feb
GO-2016235777,2016,2016-02-09T00:00:00Z,D12,Stabbing,Weston (113),Feb
GO-2016345475,2016,2016-02-27T00:00:00Z,D41,Stabbing,Clairlea-Birchmount (120),Feb
GO-2016354140,2016,2016-02-28T00:00:00Z,D23,Shooting,Humber Heights-Westmount (8),Feb
GO-2016359352,2016,2016-02-29T00:00:00Z,D11,Shooting,Scarborough Village (139),Feb
GO-2016317425,2016,2016-02-22T00:00:00Z,D43,Other,Scarborough Village (139),Feb
GO-2016265129,2016,2016-03-04T00:00:00Z,D52,Other,Kensington-Chinatown (78),Mar
GO-2016481311,2016,2016-03-20T00:00:00Z,D42,Shooting,L'Amoreaux (117),Mar
GO-2016491854,2016,2016-03-22T00:00:00Z,D12,Other,Pelmo Park-Humberlea (23),Mar
GO-2016500861,2016,2016-03-23T00:00:00Z,D55,Shooting,South Riverdale (70),Mar
GO-2016556458,2016,2016-04-02T00:00:00Z,D51,Shooting,Moss Park (73),Apr
GO-2016602150,2016,2016-04-09T00:00:00Z,D31,Other,York University Heights (27),Apr
GO-2016630918,2016,2016-04-13T00:00:00Z,D53,Shooting,Bay Street Corridor (76),Apr
GO-2016632371,2016,2016-04-14T00:00:00Z,D22,Shooting,Mimico (includes Humber Bay Shores) (17),Apr
GO-2016652097,2016,2016-04-17T00:00:00Z,D54,Shooting,Greenwood-Coxwell (65),Apr
GO-2016734521,2016,2016-04-29T00:00:00Z,D41,Shooting,Wexford/Maryvale (119),Apr
GO-2016734521,2016,2016-04-29T00:00:00Z,D41,Shooting,Wexford/Maryvale (119),Apr
GO-2016838159,2016,2016-05-15T00:00:00Z,D23,Shooting,West Humber-Clairville (1),May
GO-2018725711,2018,2018-04-23T00:00:00Z,D32,Other,Lansing-Westgate (38),Apr
GO-2018725711,2018,2018-04-23T00:00:00Z,D32,Other,Lansing-Westgate (38),Apr
GO-2018725711,2018,2018-04-23T00:00:00Z,D32,Other,Lansing-Westgate (38),Apr
GO-2018725711,2018,2018-04-23T00:00:00Z,D32,Other,Lansing-Westgate (38),Apr
GO-2018725711,2018,2018-04-23T00:00:00Z,D32,Other,Lansing-Westgate (38),Apr
GO-2018725711,2018,2018-04-23T00:00:00Z,D32,Other,Lansing-Westgate (38),Apr
GO-2018725711,2018,2018-04-23T00:00:00Z,D32,Other,Lansing-Westgate (38),Apr
GO-2018725711,2018,2018-04-23T00:00:00Z,D32,Other,Lansing-Westgate (38),Apr
GO-2018725711,2018,2018-04-23T00:00:00Z,D32,Other,Lansing-Westgate (38),Apr
GO-2018813479,2018,2018-05-06T00:00:00Z,D41,Stabbing,Birchcliffe-Cliffside (122),May
GO-2018821806,2018,2018-05-07T00:00:00Z,D22,Shooting,Princess-Rosethorn (10),May
GO-2018907125,2018,2018-05-20T00:00:00Z,D43,Shooting,Morningside (135),May
GO-2018911506,2018,2018-05-20T00:00:00Z,D52,Shooting,Bay Street Corridor (76),May
GO-2018929488,2018,2018-05-23T00:00:00Z,D14,Stabbing,Annex (95),May
GO-2018946587,2018,2018-05-25T00:00:00Z,D54,Other,Broadview North (57),May
GO-2018945776,2018,2018-05-25T00:00:00Z,D55,Stabbing,East End-Danforth (62),May
GO-2018958547,2018,2018-05-28T00:00:00Z,D42,Shooting,Malvern (132),May
GO-2018965463,2018,2018-05-28T00:00:00Z,D53,Shooting,Annex (95),May
GO-2018979942,2018,2018-05-30T00:00:00Z,D52,Shooting,Bay Street Corridor (76),May
GO-20181021340,2018,2018-06-05T00:00:00Z,D22,Shooting,New Toronto (18),Jun
GO-20181046556,2018,2018-06-09T00:00:00Z,D11,Stabbing,Little Portugal (84),Jun
GO-20181066328,2018,2018-06-09T00:00:00Z,D14,Other,Niagara (82),Jun
GO-20181075301,2018,2018-06-13T00:00:00Z,D11,Other,Roncesvalles (86),Jun
GO-20181091522,2018,2018-06-16T00:00:00Z,D41,Stabbing,Cliffcrest (123),Jun
GO-20181106259,2018,2018-06-18T00:00:00Z,D53,Other,Church-Yonge Corridor (75),Jun
GO-20181146367,2018,2018-06-24T00:00:00Z,D32,Shooting,Englemount-Lawrence (32),Jun
GO-20181146418,2018,2018-06-24T00:00:00Z,D23,Shooting,Thistletown-Beaumond Heights (3),Jun
GO-20181146418,2018,2018-06-24T00:00:00Z,D23,Shooting,Thistletown-Beaumond Heights (3),Jun
GO-20181142174,2018,2018-06-23T00:00:00Z,D23,Stabbing,West Humber-Clairville (1),Jun
GO-20181152121,2018,2018-06-25T00:00:00Z,D51,Shooting,Moss Park (73),Jun
GO-20181191880,2018,2018-06-30T00:00:00Z,D52,Shooting,Waterfront Communities-The Island (77),Jun
GO-20181191880,2018,2018-06-30T00:00:00Z,D52,Shooting,Waterfront Communities-The Island (77),Jun
GO-20181194072,2018,2018-07-01T00:00:00Z,D54,Stabbing,Blake-Jones (69),Jul
GO-20181198918,2018,2018-07-01T00:00:00Z,D14,Shooting,Kensington-Chinatown (78),Jul
GO-20181240749,2018,2018-07-08T00:00:00Z,D31,Shooting,Black Creek (24),Jul
GO-20181245963,2018,2018-07-09T00:00:00Z,D31,Shooting,Black Creek (24),Jul
GO-20181221507,2018,2018-07-05T00:00:00Z,D41,Other,Clairlea-Birchmount (120),Jul
GO-20181341286,2018,2018-07-23T00:00:00Z,D54,Shooting,North Riverdale (68),Jul
GO-20181329654,2018,2018-07-21T00:00:00Z,D55,Stabbing,South Riverdale (70),Jul
GO-20181341286,2018,2018-07-23T00:00:00Z,D54,Shooting,North Riverdale (68),Jul
GO-20181358001,2018,2018-07-25T00:00:00Z,D31,Shooting,Humber Summit (21),Jul
GO-2018104863,2012,2012-10-18T00:00:00Z,D51,Other,Church-Yonge Corridor (75),Oct
GO-2018104863,2015,2015-10-15T00:00:00Z,D43,Other,Woburn (137),Oct
GO-2018104863,2015,2015-12-14T00:00:00Z,D52,Other,Thorncliffe Park (55),Dec
GO-20181508181,2018,2018-08-15T00:00:00Z,D23,Shooting,West Humber-Clairville (1),Aug
GO-20181526723,2018,2018-08-18T00:00:00Z,D23,Stabbing,Kingsview Village-The Westway (6),Aug
GO-20181527703,2018,2018-08-18T00:00:00Z,D22,Stabbing,Islington-City Centre West (14),Aug
GO-20181528994,2018,2018-08-19T00:00:00Z,D51,Shooting,Moss Park (73),Aug
GO-20181548479,2018,2018-08-22T00:00:00Z,D54,Shooting,Blake-Jones (69),Aug
GO-20181549969,2018,2018-08-22T00:00:00Z,D12,Shooting,Mount Dennis (115),Aug
GO-20181494077,2018,2018-08-13T00:00:00Z,D22,Other,New Toronto (18),Aug
GO-20181562384,2018,2018-08-24T00:00:00Z,D12,Stabbing,Weston (113),Aug
GO-20181564549,2018,2018-08-24T00:00:00Z,D42,Other,Agincourt North (129),Aug
GO-20181599566,2018,2018-08-29T00:00:00Z,D51,Other,Regent Park (72),Aug
GO-20181527703,2018,2018-08-18T00:00:00Z,D22,Stabbing,Islington-City Centre West (14),Aug
GO-20181609974,2018,2018-08-31T00:00:00Z,D41,Shooting,Clairlea-Birchmount (120),Aug
GO-20181622696,2018,2018-09-02T00:00:00Z,D42,Shooting,Malvern (132),Sep
GO-20181626502,2018,2018-09-02T00:00:00Z,D14,Shooting,Niagara (82),Sep
GO-20181665625,2018,2018-09-08T00:00:00Z,D12,Shooting,Weston-Pellam Park (91),Sep
GO-20181668023,2018,2018-09-08T00:00:00Z,D11,Other,Roncesvalles (86),Sep
GO-20181684842,2018,2018-09-11T00:00:00Z,D23,Stabbing,Willowridge-Martingrove-Richview (7),Sep
GO-20181706301,2018,2018-09-14T00:00:00Z,D43,Shooting,Eglinton East (138),Sep
GO-20181733104,2018,2018-09-18T00:00:00Z,D42,Shooting,Agincourt South-Malvern West (128),Sep
GO-20181739446,2018,2018-09-19T00:00:00Z,D32,Stabbing,Newtonbrook West (36),Sep
GO-20181772173,2018,2018-09-24T00:00:00Z,D33,Shooting,Henry Farm (53),Sep
GO-20181777456,2018,2018-09-25T00:00:00Z,D51,Shooting,Regent Park (72),Sep
GO-20181823974,2018,2018-10-02T00:00:00Z,D31,Shooting,York University Heights (27),Oct
GO-20181827810,2018,2018-10-03T00:00:00Z,D42,Shooting,Tam O'Shanter-Sullivan (118),Oct
GO-20181839683,2018,2018-10-04T00:00:00Z,D55,Other,South Riverdale (70),Oct
GO-20181879521,2018,2018-10-11T00:00:00Z,D31,Shooting,Downsview-Roding-CFB (26),Oct
GO-20181939006,2018,2018-10-20T00:00:00Z,D41,Stabbing,Kennedy Park (124),Oct
GO-20181923388,2018,2018-10-18T00:00:00Z,D41,Other,Clairlea-Birchmount (120),Oct
GO-20181887731,2018,2018-10-12T00:00:00Z,D51,Other,Church-Yonge Corridor (75),Oct
GO-20182096419,2018,2018-11-14T00:00:00Z,D31,Shooting,Pelmo Park-Humberlea (23),Nov
GO-20182124586,2018,2018-11-18T00:00:00Z,D43,Shooting,West Hill (136),Nov
GO-20182113063,2018,2018-11-16T00:00:00Z,D51,Other,Moss Park (73),Nov
GO-20182242344,2018,2018-12-06T00:00:00Z,D51,Stabbing,Moss Park (73),Dec
GO-20182280579,2018,2018-12-12T00:00:00Z,D23,Shooting,Kingsview Village-The Westway (6),Dec
GO-20182315055,2018,2018-12-18T00:00:00Z,D31,Shooting,Black Creek (24),Dec
GO-20182320758,2018,2018-12-19T00:00:00Z,D14,Shooting,Waterfront Communities-The Island (77),Dec
GO-20182339244,2018,2018-12-21T00:00:00Z,D23,Shooting,Mount Olive-Silverstone-Jamestown (2),Dec
GO-201930365,2019,2019-01-06T00:00:00Z,D41,Stabbing,Kennedy Park (124),Jan
GO-201954928,2019,2019-01-09T00:00:00Z,D23,Shooting,Rexdale-Kipling (4),Jan
GO-201945560,2019,2019-01-08T00:00:00Z,D41,Stabbing,Clairlea-Birchmount (120),Jan
GO-201969065,2019,2019-01-12T00:00:00Z,D41,Shooting,Dorset Park (126),Jan
GO-2019146683,2019,2019-01-24T00:00:00Z,D12,Stabbing,Rockcliffe-Smythe (111),Jan
GO-2019244561,2019,2019-02-08T00:00:00Z,D51,Shooting,Moss Park (73),Feb
GO-2019272774,2019,2019-02-12T00:00:00Z,D43,Shooting,West Hill (136),Feb
GO-2019281405,2019,2019-02-13T00:00:00Z,D23,Shooting,Rexdale-Kipling (4),Feb
GO-2019258675,2019,2019-02-10T00:00:00Z,D22,Shooting,Mimico (includes Humber Bay Shores) (17),Feb
GO-2019349242,2019,2019-02-24T00:00:00Z,D23,Shooting,Mount Olive-Silverstone-Jamestown (2),Feb
GO-2019400418,2019,2019-03-04T00:00:00Z,D53,Other,Mount Pleasant West (104),Mar
GO-2019449448,2019,2019-03-11T00:00:00Z,D31,Shooting,Downsview-Roding-CFB (26),Mar
GO-2019456465,2019,2019-03-13T00:00:00Z,D11,Other,Weston-Pellam Park (91),Mar
GO-2019494501,2019,2019-03-18T00:00:00Z,D23,Other,Willowridge-Martingrove-Richview (7),Mar
GO-2019499554,2019,2019-03-19T00:00:00Z,D11,Shooting,Dovercourt-Wallace Emerson-Junction (93),Mar
GO-2019424256,2019,2019-03-08T00:00:00Z,D53,Shooting,Yonge-Eglinton (100),Mar
GO-2019649220,2019,2019-04-10T00:00:00Z,D52,Stabbing,Bay Street Corridor (76),Apr
GO-2019677551,2019,2019-04-15T00:00:00Z,D12,Stabbing,Keelesdale-Eglinton West (110),Apr
GO-2019716384,2019,2019-04-21T00:00:00Z,D13,Shooting,Oakwood Village (107),Apr
GO-2019767371,2019,2019-04-28T00:00:00Z,D43,Shooting,Morningside (135),Apr
GO-2019785029,2019,2019-05-01T00:00:00Z,D23,Shooting,West Humber-Clairville (1),May
GO-2019766762,2019,2019-04-28T00:00:00Z,D22,Other,Eringate-Centennial-West Deane (11),Apr
GO-2019798063,2019,2019-05-03T00:00:00Z,D31,Shooting,Humber Summit (21),May
GO-2019819986,2019,2019-05-05T00:00:00Z,D43,Stabbing,Guildwood (140),May
GO-2019928762,2019,2019-05-21T00:00:00Z,D14,Other,Dovercourt-Wallace Emerson-Junction (93),May
GO-20191052988,2019,2019-06-08T00:00:00Z,D52,Stabbing,Bay Street Corridor (76),Jun
GO-20191039892,2019,2019-06-06T00:00:00Z,D51,Other,Church-Yonge Corridor (75),Jun
GO-20191198026,2019,2019-06-27T00:00:00Z,D43,Shooting,West Hill (136),Jun
GO-20191213308,2019,2019-06-30T00:00:00Z,D52,Shooting,Waterfront Communities-The Island (77),Jun
GO-20191206091,2019,2019-06-29T00:00:00Z,D12,Shooting,Mount Dennis (115),Jun
GO-20191206091,2019,2019-06-29T00:00:00Z,D12,Shooting,Mount Dennis (115),Jun
GO-20191191914,2019,2019-06-27T00:00:00Z,D33,Stabbing,Parkwoods-Donalda (45),Jun
GO-20191226977,2019,2019-07-01T00:00:00Z,D51,Other,Moss Park (73),Jul
GO-20191344279,2019,2019-07-18T00:00:00Z,D14,Other,Dufferin Grove (83),Jul
GO-20191445359,2019,2019-08-02T00:00:00Z,D12,Shooting,Rustic (28),Aug
GO-20191492032,2019,2019-08-07T00:00:00Z,D13,Stabbing,Wychwood (94),Aug
GO-20191506357,2019,2019-08-09T00:00:00Z,D54,Shooting,Victoria Village (43),Aug
GO-20191558069,2019,2019-08-16T00:00:00Z,D11,Shooting,High Park-Swansea (87),Aug
GO-20191595863,2019,2019-08-21T00:00:00Z,D12,Shooting,Mount Dennis (115),Aug
GO-20191581564,2019,2019-08-19T00:00:00Z,D12,Shooting,Pelmo Park-Humberlea (23),Aug
GO-20191619393,2019,2019-08-25T00:00:00Z,D31,Shooting,Humber Summit (21),Aug
GO-20191695351,2019,2019-09-04T00:00:00Z,D31,Other,Downsview-Roding-CFB (26),Sep
GO-20191683554,2019,2019-09-03T00:00:00Z,D43,Other,Bendale (127),Sep
GO-2019598298,2019,2019-04-03T00:00:00Z,D42,Other,Tam O'Shanter-Sullivan (118),Apr
GO-20191745744,2019,2019-09-11T00:00:00Z,D43,Stabbing,Highland Creek (134),Sep
GO-20191782132,2019,2019-09-16T00:00:00Z,D13,Shooting,Yorkdale-Glen Park (31),Sep
GO-20191806337,2019,2019-09-19T00:00:00Z,D42,Shooting,Milliken (130),Sep
GO-20191828916,2019,2019-09-22T00:00:00Z,D41,Other,Dorset Park (126),Sep
GO-20191840069,2019,2019-09-24T00:00:00Z,D22,Shooting,Etobicoke West Mall (13),Sep
GO-20191843578,2019,2019-09-24T00:00:00Z,D51,Other,Bay Street Corridor (76),Sep
GO-20192390677,2019,2019-12-11T00:00:00Z,D23,Other,West Humber-Clairville (1),Dec
GO-20191878460,2019,2019-09-29T00:00:00Z,D23,Shooting,Mount Olive-Silverstone-Jamestown (2),Sep
GO-20191894014,2019,2019-10-01T00:00:00Z,D31,Shooting,Glenfield-Jane Heights (25),Oct
GO-20191894014,2019,2019-10-01T00:00:00Z,D31,Shooting,Glenfield-Jane Heights (25),Oct
GO-20191901852,2019,2019-10-02T00:00:00Z,D52,Stabbing,Bay Street Corridor (76),Oct
GO-20191930830,2019,2019-10-07T00:00:00Z,D54,Other,Woodbine-Lumsden (60),Oct
GO-20191981086,2019,2019-10-14T00:00:00Z,D23,Shooting,Mount Olive-Silverstone-Jamestown (2),Oct
GO-20192006688,2019,2019-10-17T00:00:00Z,D33,Shooting,Hillcrest Village (48),Oct
GO-20192021028,2019,2019-10-19T00:00:00Z,D11,Shooting,High Park-Swansea (87),Oct
GO-20192067798,2019,2019-10-26T00:00:00Z,D53,Other,Mount Pleasant West (104),Oct
GO-20192106976,2019,2019-10-31T00:00:00Z,D53,Stabbing,Annex (95),Oct
GO-20192131648,2019,2019-11-04T00:00:00Z,D22,Shooting,Islington-City Centre West (14),Nov
GO-20192136178,2019,2019-11-05T00:00:00Z,D54,Shooting,Taylor-Massey (61),Nov
GO-20192150110,2019,2019-11-07T00:00:00Z,D12,Shooting,Weston (113),Nov
GO-20192212187,2019,2019-11-16T00:00:00Z,D13,Shooting,Oakwood Village (107),Nov
GO-20192263515,2019,2019-11-23T00:00:00Z,D43,Shooting,Eglinton East (138),Nov
GO-20192361770,2019,2019-12-07T00:00:00Z,D31,Shooting,Humber Summit (21),Dec
GO-20192390277,2019,2019-12-11T00:00:00Z,D33,Shooting,Bayview Woods-Steeles (49),Dec
GO-20192412908,2019,2019-12-15T00:00:00Z,D31,Shooting,Downsview-Roding-CFB (26),Dec
GO-20192378461,2019,2019-12-10T00:00:00Z,D41,Stabbing,Wexford/Maryvale (119),Dec
GO-20192452711,2019,2019-12-20T00:00:00Z,D12,Other,Weston (113),Dec
GO-20192464487,2019,2019-12-22T00:00:00Z,D14,Other,University (79),Dec
GO-20192470898,2019,2019-12-23T00:00:00Z,D14,Stabbing,South Parkdale (85),Dec
GO-20192465270,2019,2019-12-22T00:00:00Z,D51,Stabbing,Moss Park (73),Dec
GO-20192490349,2019,2019-12-27T00:00:00Z,D22,Shooting,Etobicoke West Mall (13),Dec
GO-20192503671,2019,2019-12-29T00:00:00Z,D43,Shooting,Eglinton East (138),Dec
GO-20205967,2020,2020-01-01T00:00:00Z,D51,Shooting,Regent Park (72),Jan
GO-20192520736,2019,2019-12-31T00:00:00Z,D42,Shooting,Malvern (132),Dec
GO-20192445475,2019,2019-12-19T00:00:00Z,D42,Stabbing,Tam O'Shanter-Sullivan (118),Dec
GO-202069552,2020,2020-01-11T00:00:00Z,D43,Shooting,Morningside (135),Jan
GO-202082425,2020,2020-01-13T00:00:00Z,D42,Stabbing,Tam O'Shanter-Sullivan (118),Jan
GO-2020135493,2020,2020-01-20T00:00:00Z,D43,Shooting,Woburn (137),Jan
GO-2020136609,2020,2020-01-20T00:00:00Z,D13,Other,Oakwood Village (107),Jan
GO-2020174603,2020,2020-01-25T00:00:00Z,D43,Shooting,Scarborough Village (139),Jan
GO-2020219180,2020,2020-01-31T00:00:00Z,D14,Shooting,Waterfront Communities-The Island (77),Jan
GO-2020219180,2020,2020-01-31T00:00:00Z,D14,Shooting,Waterfront Communities-The Island (77),Jan
GO-2020249293,2020,2020-02-05T00:00:00Z,D54,Shooting,Greenwood-Coxwell (65),Feb
GO-2018661938,2018,2018-04-08T00:00:00Z,D41,Other,Wexford/Maryvale (119),Apr
GO-2020271347,2020,2020-02-07T00:00:00Z,D22,Shooting,Etobicoke West Mall (13),Feb
GO-2020372105,2020,2020-02-21T00:00:00Z,D42,Other,Agincourt South-Malvern West (128),Feb
GO-2020390671,2020,2020-02-24T00:00:00Z,D32,Stabbing,Downsview-Roding-CFB (26),Feb
GO-2020524758,2020,2020-03-13T00:00:00Z,D42,Shooting,Agincourt South-Malvern West (128),Mar
GO-2020538385,2020,2020-03-15T00:00:00Z,D13,Stabbing,Oakwood Village (107),Mar
GO-2020562795,2020,2020-03-18T00:00:00Z,D41,Shooting,Clairlea-Birchmount (120),Mar
GO-2020580138,2020,2020-03-21T00:00:00Z,D51,Shooting,Bay Street Corridor (76),Mar
GO-2020530236,2020,2020-03-11T00:00:00Z,D12,Other,Mount Dennis (115),Mar
GO-2020665733,2020,2020-04-05T00:00:00Z,D42,Other,L'Amoreaux (117),Apr
GO-2020668167,2020,2020-04-05T00:00:00Z,D53,Shooting,Thorncliffe Park (55),Apr
GO-2020686647,2020,2020-04-08T00:00:00Z,D13,Shooting,Wychwood (94),Apr
GO-2020648505,2020,2020-04-05T00:00:00Z,D43,Other,Woburn (137),Apr
GO-2020717283,2020,2020-04-14T00:00:00Z,D33,Other,Bayview Village (52),Apr
GO-2020762187,2020,2020-04-21T00:00:00Z,D22,Other,Mimico (includes Humber Bay Shores) (17),Apr
GO-2020790951,2020,2020-04-26T00:00:00Z,D31,Shooting,Glenfield-Jane Heights (25),Apr
GO-20192385631,2019,2019-12-11T00:00:00Z,D43,Other,Cliffcrest (123),Dec
GO-2020828038,2020,2020-05-02T00:00:00Z,D41,Shooting,Wexford/Maryvale (119),May
GO-2020893378,2020,2020-05-14T00:00:00Z,D53,Other,Mount Pleasant West (104),May
GO-2020898005,2020,2020-05-14T00:00:00Z,D23,Shooting,Mount Olive-Silverstone-Jamestown (2),May
GO-2020915335,2020,2020-05-17T00:00:00Z,D42,Shooting,Pleasant View (46),May
GO-2020909524,2020,2020-05-19T00:00:00Z,D41,Other,Eglinton East (138),May
GO-2020971451,2020,2020-05-26T00:00:00Z,D52,Shooting,Waterfront Communities-The Island (77),May
GO-2020993900,2020,2020-05-30T00:00:00Z,D23,Shooting,West Humber-Clairville (1),May
GO-20201063476,2020,2020-06-09T00:00:00Z,D53,Shooting,Thorncliffe Park (55),Jun
GO-20201127664,2020,2020-06-19T00:00:00Z,D13,Shooting,Corso Italia-Davenport (92),Jun
GO-20201173382,2020,2020-06-25T00:00:00Z,D51,Stabbing,Cabbagetown-South St.James Town (71),Jun
GO-20201233592,2020,2020-07-04T00:00:00Z,D42,Shooting,L'Amoreaux (117),Jul
GO-20201281439,2020,2020-07-10T00:00:00Z,D12,Shooting,Rockcliffe-Smythe (111),Jul
GO-20201278229,2020,2020-07-10T00:00:00Z,D43,Shooting,Bendale (127),Jul
GO-20201267365,2020,2020-07-09T00:00:00Z,D51,Other,Moss Park (73),Jul
GO-20201466110,2020,2020-08-03T00:00:00Z,D54,Other,Danforth East York (59),Aug
GO-20201486174,2020,2020-08-09T00:00:00Z,D14,Stabbing,Trinity-Bellwoods (81),Aug
GO-20201506702,2020,2020-08-12T00:00:00Z,D43,Shooting,Eglinton East (138),Aug
GO-20201505493,2020,2020-08-11T00:00:00Z,D14,Stabbing,Niagara (82),Aug
GO-20201568363,2020,2020-08-20T00:00:00Z,D32,Shooting,Willowdale East (51),Aug
GO-20201607604,2020,2020-08-26T00:00:00Z,D51,Stabbing,Moss Park (73),Aug
GO-20201583370,2020,2020-08-22T00:00:00Z,D43,Stabbing,West Hill (136),Aug
GO-20201583370,2020,2020-08-22T00:00:00Z,D43,Stabbing,West Hill (136),Aug
GO-20201655784,2020,2020-09-02T00:00:00Z,D31,Shooting,York University Heights (27),Sep
GO-20201691332,2020,2020-09-07T00:00:00Z,D23,Stabbing,West Humber-Clairville (1),Sep
GO-20201713867,2020,2020-09-10T00:00:00Z,D11,Shooting,Rockcliffe-Smythe (111),Sep
GO-20201730504,2020,2020-09-12T00:00:00Z,D23,Stabbing,West Humber-Clairville (1),Sep
GO-20201728164,2020,2020-09-12T00:00:00Z,D12,Stabbing,Weston (113),Sep
GO-20201728164,2020,2020-09-12T00:00:00Z,D12,Stabbing,Weston (113),Sep
GO-20201786596,2020,2020-09-20T00:00:00Z,D42,Shooting,Malvern (132),Sep
GO-20201816857,2020,2020-09-24T00:00:00Z,D31,Shooting,Black Creek (24),Sep
GO-20201838399,2020,2020-09-27T00:00:00Z,D23,Shooting,Mount Olive-Silverstone-Jamestown (2),Sep
GO-20201863629,2020,2020-10-01T00:00:00Z,D12,Shooting,Weston (113),Oct
GO-20201876749,2020,2020-10-03T00:00:00Z,D31,Shooting,Downsview-Roding-CFB (26),Oct
GO-20201908230,2020,2020-10-07T00:00:00Z,D32,Shooting,Englemount-Lawrence (32),Oct
GO-20201989086,2020,2020-09-28T00:00:00Z,D33,Other,Don Valley Village (47),Sep
GO-20202026517,2020,2020-10-25T00:00:00Z,D41,Shooting,Oakridge (121),Oct
GO-20201838773,2020,2020-09-27T00:00:00Z,D31,Shooting,Black Creek (24),Sep
GO-20202114189,2020,2020-11-07T00:00:00Z,D31,Shooting,Black Creek (24),Nov
GO-20202177333,2020,2020-11-16T00:00:00Z,D43,Stabbing,Rouge (131),Nov
GO-20202188906,2020,2020-11-18T00:00:00Z,D14,Stabbing,Palmerston-Little Italy (80),Nov
GO-20202213650,2020,2020-11-22T00:00:00Z,D33,Stabbing,Parkwoods-Donalda (45),Nov
GO-20202271563,2020,2020-12-02T00:00:00Z,D13,Shooting,Yorkdale-Glen Park (31),Dec
GO-20202295266,2020,2020-12-06T00:00:00Z,D14,Other,Dufferin Grove (83),Dec
GO-2020982844,2020,2020-12-08T00:00:00Z,D52,Other,Trinity-Bellwoods (81),Dec
GO-20202279344,2020,2020-12-08T00:00:00Z,D55,Stabbing,Greenwood-Coxwell (65),Dec
GO-20202381546,2020,2020-12-18T00:00:00Z,D53,Other,Mount Pleasant West (104),Dec
GO-20202400901,2020,2020-12-21T00:00:00Z,D33,Stabbing,Don Valley Village (47),Dec
